<?xml version="1.0" encoding="UTF-8"?>
<project-private xmlns="http://www.netbeans.org/ns/project-private/1">
    <editor-bookmarks xmlns="http://www.netbeans.org/ns/editor-bookmarks/2" lastBookmarkId="0"/>
    <open-files xmlns="http://www.netbeans.org/ns/projectui-open-files/2">
        <group>
            <file>file:/C:/Users/ADMIN/Desktop/police_info/src/employees.java</file>
            <file>file:/C:/Users/ADMIN/Desktop/police_info/src/citizen_login.java</file>
            <file>file:/C:/Users/ADMIN/Desktop/police_info/src/connectivity/java.java</file>
            <file>file:/C:/Users/ADMIN/Desktop/police_info/src/employee_login.java</file>
            <file>file:/C:/Users/ADMIN/Desktop/police_info/src/citizen_register.java</file>
            <file>file:/C:/Users/ADMIN/Desktop/police_info/src/report.java</file>
            <file>file:/C:/Users/ADMIN/Desktop/police_info/src/list.java</file>
            <file>file:/C:/Users/ADMIN/Desktop/police_info/src/connectivity.java</file>
            <file>file:/C:/Users/ADMIN/Desktop/police_info/src/stolenvehicle_complaint.java</file>
            <file>file:/C:/Users/ADMIN/Desktop/police_info/src/citizenhome.java</file>
        </group>
    </open-files>
</project-private>
